Phase,Comparison,Test,Group,N,N_events,Statistic,p_value,FDR_WithinGroup,Significant,Effect_Size,Basic_Ref,Original_Phase
1A,"AGE × OS (KM, per-group)",Log-rank,Adamantinomatous Craniopharyngioma,98,3,χ²(1)=1.53,0.4643,0.722,❌ NS,q=0.8021,Step 14,
1A,"AGE × EFS (KM, per-group)",Log-rank,Adamantinomatous Craniopharyngioma,98,66,χ²(1)=1.36,0.5054,0.722,❌ NS,q=0.6540,Step 14,
1A,"AGE × OS (KM, per-group)",Log-rank,Atypical Teratoid Rhabdoid Tumor,141,90,χ²(1)=1.49,0.474,0.711,❌ NS,q=0.8021,Step 14,
1A,"AGE × EFS (KM, per-group)",Log-rank,Atypical Teratoid Rhabdoid Tumor,141,116,χ²(1)=0.28,0.8712,0.9462,❌ NS,q=0.9127,Step 14,
1A,"AGE × OS (KM, per-group)",Log-rank,CNS Embryonal tumor,24,14,χ²(1)=4.33,0.1145,0.2610290980574169,❌ NS,q=0.3058,Step 14,
1A,"AGE × EFS (KM, per-group)",Log-rank,CNS Embryonal tumor,24,20,χ²(1)=0.60,0.7404,0.7404,❌ NS,q=0.9049,Step 14,
1A,"AGE × OS (KM, per-group)",Log-rank,Chordoma,26,17,χ²(1)=12.82,0.0016,0.0064,🟢🟢 p<0.01,q=0.0120,Step 14,
1A,"AGE × EFS (KM, per-group)",Log-rank,Chordoma,26,18,χ²(1)=7.46,0.0239,0.027314285714285715,🟢 p<0.05,q=0.0699,Step 14,
1A,"AGE × OS (KM, per-group)",Log-rank,Choroid plexus tumor,89,14,χ²(1)=6.86,0.0325,0.078,🟢 p<0.05,q=0.1190,Step 14,
1A,"AGE × EFS (KM, per-group)",Log-rank,Choroid plexus tumor,88,25,χ²(1)=0.37,0.8319,0.8546,❌ NS,q=0.9127,Step 14,
1A,"AGE × OS (KM, per-group)",Log-rank,Diffuse hemispheric glioma,26,24,χ²(1)=13.69,0.0011,0.00176,🟢🟢 p<0.01,q=0.0120,Step 14,
1A,"AGE × EFS (KM, per-group)",Log-rank,Diffuse hemispheric glioma,26,25,χ²(1)=12.18,0.0023,0.0030666666666666668,🟢🟢 p<0.01,q=0.0125,Step 14,
1A,"AGE × EFS (KM, per-group)",Log-rank,Diffuse midline glioma,276,270,χ²(1)=2.12,0.3461,0.5933142857142857,❌ NS,q=0.6345,Step 14,
1A,"AGE × OS (KM, per-group)",Log-rank,Diffuse midline glioma,368,356,χ²(1)=0.44,0.8021,0.8750181818181819,❌ NS,q=0.9288,Step 14,
1A,"AGE × EFS (KM, per-group)",Log-rank,Dysembryoplastic neuroepithelial tumor,47,14,χ²(1)=2.45,0.2944,0.70656,❌ NS,q=0.5889,Step 14,
1A,"AGE × OS (KM, per-group)",Log-rank,Dysembryoplastic neuroepithelial tumor,47,0,χ²(1)=-0.00,1.0,1.0,❌ NS,q=1.0000,Step 14,
1A,"AGE × EFS (KM, per-group)",Log-rank,Embryonal tumor with multilayer rosettes,22,20,χ²(1)=19.14,0.0001,0.0008,🟢🟢🟢 p<0.001,q=0.0008,Step 14,
1A,"AGE × OS (KM, per-group)",Log-rank,Embryonal tumor with multilayer rosettes,22,16,χ²(1)=0.70,0.7052,0.7052,❌ NS,q=0.9288,Step 14,
1A,"AGE × EFS (KM, per-group)",Log-rank,Ependymoma,296,207,χ²(1)=7.74,0.0208,0.0624,🟢 p<0.05,q=0.0699,Step 14,
1A,"AGE × OS (KM, per-group)",Log-rank,Ependymoma,296,126,χ²(1)=0.48,0.7881,0.8597454545454546,❌ NS,q=0.9288,Step 14,
1A,"AGE × EFS (KM, per-group)",Log-rank,Ewing sarcoma,34,20,χ²(1)=3.08,0.214,0.5708571428571428,❌ NS,q=0.5230,Step 14,
1A,"AGE × OS (KM, per-group)",Log-rank,Ewing sarcoma,34,19,χ²(1)=2.20,0.333,0.5708571428571428,❌ NS,q=0.6912,Step 14,
1A,"AGE × EFS (KM, per-group)",Log-rank,Ganglioglioma,123,52,χ²(1)=2.83,0.2427,0.9708,❌ NS,q=0.5338,Step 14,
1A,"AGE × OS (KM, per-group)",Log-rank,Ganglioglioma,123,0,χ²(1)=-0.00,1.0,1.0,❌ NS,q=1.0000,Step 14,
1A,"AGE × OS (KM, per-group)",Log-rank,Glial-neuronal tumor NOS,47,12,χ²(1)=4.89,0.0869,0.1738,❌ NS,q=0.2731,Step 14,
1A,"AGE × EFS (KM, per-group)",Log-rank,Glial-neuronal tumor NOS,47,30,χ²(1)=1.45,0.4832,0.6442666666666667,❌ NS,q=0.6540,Step 14,
1A,"AGE × EFS (KM, per-group)",Log-rank,High-grade glioma,388,348,χ²(1)=17.86,0.0001,0.00024,🟢🟢🟢 p<0.001,q=0.0010,Step 14,
1A,"AGE × OS (KM, per-group)",Log-rank,High-grade glioma,406,327,χ²(1)=13.46,0.0012,0.0024,🟢🟢 p<0.01,q=0.0120,Step 14,
1A,"AGE × EFS (KM, per-group)",Log-rank,Low-grade glioma,710,369,χ²(1)=27.31,0.0,0.0,🟢🟢🟢 p<0.001,q=0.0000,Step 14,
1A,"AGE × OS (KM, per-group)",Log-rank,Low-grade glioma,712,59,χ²(1)=2.12,0.3456,0.46080000000000004,❌ NS,q=0.6912,Step 14,
1A,"AGE × OS (KM, per-group)",Log-rank,Medulloblastoma,382,137,χ²(1)=11.47,0.0032,0.00768,🟢🟢 p<0.01,q=0.0178,Step 14,
1A,"AGE × EFS (KM, per-group)",Log-rank,Medulloblastoma,382,172,χ²(1)=10.30,0.0058,0.0116,🟢🟢 p<0.01,q=0.0256,Step 14,
1A,"AGE × OS (KM, per-group)",Log-rank,Meningioma,87,13,χ²(1)=4.16,0.1251,0.37529999999999997,❌ NS,q=0.3058,Step 14,
1A,"AGE × EFS (KM, per-group)",Log-rank,Meningioma,87,57,χ²(1)=1.57,0.4566,0.6245333333333333,❌ NS,q=0.6540,Step 14,
1A,"AGE × EFS (KM, per-group)",Log-rank,Neuroblastoma,22,17,χ²(1)=0.28,0.869,0.9176,❌ NS,q=0.9127,Step 14,
1A,"AGE × OS (KM, per-group)",Log-rank,Neuroblastoma,22,4,χ²(1)=0.17,0.9176,0.9176,❌ NS,q=1.0000,Step 14,
1A,"AGE × OS (KM, per-group)",Log-rank,Neurofibroma/Plexiform,39,9,χ²(1)=1.02,0.6012,0.828,❌ NS,q=0.8818,Step 14,
1A,"AGE × EFS (KM, per-group)",Log-rank,Neurofibroma/Plexiform,39,26,χ²(1)=0.10,0.9503,0.9503,❌ NS,q=0.9503,Step 14,
1A,"AGE × EFS (KM, per-group)",Log-rank,Pineoblastoma,27,11,χ²(1)=7.34,0.0254,0.08727710012118052,🟢 p<0.05,q=0.0699,Step 14,
1A,"AGE × OS (KM, per-group)",Log-rank,Pineoblastoma,27,2,χ²(1)=0.56,0.7571,0.8652571428571428,❌ NS,q=0.9288,Step 14,
1A,"AGE × EFS (KM, per-group)",Log-rank,Sarcoma,45,37,χ²(1)=1.87,0.3927,0.5890500000000001,❌ NS,q=0.6540,Step 14,
1A,"AGE × OS (KM, per-group)",Log-rank,Sarcoma,45,23,χ²(1)=1.04,0.5941,0.7921333333333332,❌ NS,q=0.8818,Step 14,
1A,"AGE × OS (KM, per-group)",Log-rank,Schwannoma,46,5,χ²(1)=8.49,0.0143,0.0429,🟢 p<0.05,q=0.0629,Step 14,
1A,"AGE × EFS (KM, per-group)",Log-rank,Schwannoma,46,29,χ²(1)=1.60,0.4482,0.58881747315879,❌ NS,q=0.6540,Step 14,
1A,AGE × EFS_STATUS (global),Mann-Whitney,global,3839,2235,U=2081908,0.0,,🟢🟢🟢 p<0.001,d=0.161,Step 14,
1A,"AGE × EFS (KM, global)",Log-rank,global,3358,2165,χ²(1)=52.17,0.0,,🟢🟢🟢 p<0.001,median split at 7y,Step 14,
1A,AGE × OS_STATUS (global),Mann-Whitney,global,3907,1353,U=1819966,0.0059,,🟢🟢 p<0.01,d=0.053 (negligible),Step 14,
1A,"AGE × OS (KM, global)",Log-rank,global,3475,1352,χ²(1)=4.61,0.0997,,❌ NS,median split at 7y,Step 14,
1B,"TF × OS (KM, per-group)",Log-rank,Atypical Teratoid Rhabdoid Tumor,91,63,χ²=0.33,0.8496,0.9462,❌ NS,q=1.0000,Step 16,
1B,"TF × EFS (KM, per-group)",Log-rank,Atypical Teratoid Rhabdoid Tumor,91,76,χ²=0.11,0.9462,0.9462,❌ NS,q=0.9979,Step 16,
1B,"TF × EFS (KM, per-group)",Log-rank,Choroid plexus tumor,58,18,χ²=1.71,0.4247,0.69648,❌ NS,q=0.9254,Step 16,
1B,"TF × OS (KM, per-group)",Log-rank,Choroid plexus tumor,59,9,χ²=1.41,0.4938,0.69648,❌ NS,q=0.9519,Step 16,
1B,"TF × OS (KM, per-group)",Log-rank,Diffuse midline glioma,326,317,χ²=2.20,0.3335,0.5933142857142857,❌ NS,q=0.8364,Step 16,
1B,"TF × EFS (KM, per-group)",Log-rank,Diffuse midline glioma,236,232,χ²=0.22,0.8973,0.8973,❌ NS,q=0.9979,Step 16,
1B,"TF × EFS (KM, per-group)",Log-rank,Dysembryoplastic neuroepithelial tumor,29,9,χ²=2.91,0.2329,0.6987,❌ NS,q=0.9254,Step 16,
1B,"TF × OS (KM, per-group)",Log-rank,Dysembryoplastic neuroepithelial tumor,29,0,χ²=-0.00,1.0,1.0,❌ NS,q=1.0000,Step 16,
1B,"TF × OS (KM, per-group)",Log-rank,Ependymoma,200,77,χ²=2.05,0.3585,0.5377500000000001,❌ NS,q=0.8364,Step 16,
1B,"TF × EFS (KM, per-group)",Log-rank,Ependymoma,200,137,χ²=0.29,0.8668,0.8668,❌ NS,q=0.9979,Step 16,
1B,"TF × OS (KM, per-group)",Log-rank,Ewing sarcoma,21,12,χ²=0.71,0.7022,0.9362666666666667,❌ NS,q=0.9831,Step 16,
1B,"TF × EFS (KM, per-group)",Log-rank,Ewing sarcoma,21,13,χ²=0.15,0.9273,0.9745,❌ NS,q=0.9979,Step 16,
1B,"TF × EFS (KM, per-group)",Log-rank,Ganglioglioma,82,37,χ²=1.93,0.3816,1.0,❌ NS,q=0.9254,Step 16,
1B,"TF × OS (KM, per-group)",Log-rank,Ganglioglioma,82,0,χ²=-0.00,1.0,1.0,❌ NS,q=1.0000,Step 16,
1B,"TF × OS (KM, per-group)",Log-rank,Glial-neuronal tumor NOS,31,12,χ²=0.80,0.6707,0.8048399999999999,❌ NS,q=0.9831,Step 16,
1B,"TF × EFS (KM, per-group)",Log-rank,Glial-neuronal tumor NOS,31,25,χ²=0.00,0.9979,0.9979,❌ NS,q=0.9979,Step 16,
1B,"TF × EFS (KM, per-group)",Log-rank,High-grade glioma,197,175,χ²=2.30,0.3171,0.47565,❌ NS,q=0.9254,Step 16,
1B,"TF × OS (KM, per-group)",Log-rank,High-grade glioma,211,172,χ²=1.22,0.544,0.6159272727272728,❌ NS,q=0.9519,Step 16,
1B,"TF × OS (KM, per-group)",Log-rank,Low-grade glioma,440,44,χ²=6.34,0.042,0.07594285714285713,🟢 p<0.05,q=0.5608,Step 16,
1B,"TF × EFS (KM, per-group)",Log-rank,Low-grade glioma,438,224,χ²=0.36,0.8336,0.8336,❌ NS,q=0.9979,Step 16,
1B,"TF × OS (KM, per-group)",Log-rank,Medulloblastoma,290,110,χ²=5.05,0.0801,0.13731428571428572,❌ NS,q=0.5608,Step 16,
1B,"TF × EFS (KM, per-group)",Log-rank,Medulloblastoma,290,134,χ²=1.27,0.5288,0.5288,❌ NS,q=0.9254,Step 16,
1B,"TF × EFS (KM, per-group)",Log-rank,Meningioma,62,39,χ²=1.52,0.4684,0.6245333333333333,❌ NS,q=0.9254,Step 16,
1B,"TF × OS (KM, per-group)",Log-rank,Meningioma,62,7,χ²=0.15,0.928,0.9434,❌ NS,q=1.0000,Step 16,
1B,"TF × OS (KM, per-group)",Log-rank,Sarcoma,29,15,χ²=4.03,0.1334,0.32015999999999994,❌ NS,q=0.6223,Step 16,
1B,"TF × EFS (KM, per-group)",Log-rank,Sarcoma,29,24,χ²=2.64,0.2666,0.5332,❌ NS,q=0.9254,Step 16,
1B,"TF × EFS (KM, per-group)",Log-rank,Schwannoma,34,20,χ²=4.31,0.1159,0.2318,❌ NS,q=0.9254,Step 16,
1B,"TF × OS (KM, per-group)",Log-rank,Schwannoma,34,4,χ²=3.28,0.1936,0.33188571428571423,❌ NS,q=0.6776,Step 16,
1B,TF × OS_STATUS (global),Mann-Whitney,global,2699,957,U=957930,0.0,,🟢🟢🟢 p<0.001,d=0.149,Step 16,
1B,TF × EFS_STATUS (global),Mann-Whitney,global,2647,1499,U=940892,0.0,,🟢🟢🟢 p<0.001,d=0.094,Step 16,
1B,"TF × OS (KM, global)",Log-rank,global,2349,956,χ²(1)=11.73,0.0028,,🟢🟢 p<0.01,median split at 0.74,Step 16,
1B,"TF × EFS (KM, global)",Log-rank,global,2240,1442,χ²(1)=1.31,0.5201,,❌ NS,median split at 0.75,Step 16,
1C,"TP × EFS (KM, per-group)",Log-rank,Adamantinomatous Craniopharyngioma,75,49,χ²=2.01,0.3658,0.722,❌ NS,q=0.9745,Step 16,
1C,"TP × OS (KM, per-group)",Log-rank,Adamantinomatous Craniopharyngioma,75,3,χ²=1.90,0.3875,0.722,❌ NS,q=0.9882,Step 16,
1C,"TP × OS (KM, per-group)",Log-rank,Atypical Teratoid Rhabdoid Tumor,91,63,χ²=3.07,0.2151,0.36874285714285715,❌ NS,q=0.9882,Step 16,
1C,"TP × EFS (KM, per-group)",Log-rank,Atypical Teratoid Rhabdoid Tumor,91,76,χ²=0.11,0.9446,0.9462,❌ NS,q=0.9745,Step 16,
1C,"TP × EFS (KM, per-group)",Log-rank,Choroid plexus tumor,59,18,χ²=4.03,0.1334,0.2668,❌ NS,q=0.9745,Step 16,
1C,"TP × OS (KM, per-group)",Log-rank,Choroid plexus tumor,60,9,χ²=1.09,0.5804,0.69648,❌ NS,q=1.0000,Step 16,
1C,"TP × EFS (KM, per-group)",Log-rank,Diffuse midline glioma,240,234,χ²=0.82,0.6622,0.8750181818181819,❌ NS,q=0.9745,Step 16,
1C,"TP × OS (KM, per-group)",Log-rank,Diffuse midline glioma,332,321,χ²=0.58,0.7493,0.8750181818181819,❌ NS,q=1.0000,Step 16,
1C,"TP × EFS (KM, per-group)",Log-rank,Dysembryoplastic neuroepithelial tumor,29,9,χ²=0.14,0.9344,1.0,❌ NS,q=0.9745,Step 16,
1C,"TP × OS (KM, per-group)",Log-rank,Dysembryoplastic neuroepithelial tumor,29,0,χ²=-0.00,1.0,1.0,❌ NS,q=1.0000,Step 16,
1C,"TP × EFS (KM, per-group)",Log-rank,Ependymoma,200,137,χ²=0.89,0.6392,0.8522666666666666,❌ NS,q=0.9745,Step 16,
1C,"TP × OS (KM, per-group)",Log-rank,Ependymoma,200,77,χ²=0.65,0.7241,0.8597454545454546,❌ NS,q=1.0000,Step 16,
1C,"TP × OS (KM, per-group)",Log-rank,Ewing sarcoma,21,12,χ²=1.68,0.4323,0.6484500000000001,❌ NS,q=0.9882,Step 16,
1C,"TP × EFS (KM, per-group)",Log-rank,Ewing sarcoma,21,13,χ²=0.05,0.9745,0.9745,❌ NS,q=0.9745,Step 16,
1C,"TP × EFS (KM, per-group)",Log-rank,Ganglioglioma,84,38,χ²=0.66,0.7177,1.0,❌ NS,q=0.9745,Step 16,
1C,"TP × OS (KM, per-group)",Log-rank,Ganglioglioma,84,0,χ²=-0.00,1.0,1.0,❌ NS,q=1.0000,Step 16,
1C,"TP × EFS (KM, per-group)",Log-rank,Glial-neuronal tumor NOS,32,26,χ²=2.26,0.3223,0.48345,❌ NS,q=0.9745,Step 16,
1C,"TP × OS (KM, per-group)",Log-rank,Glial-neuronal tumor NOS,32,12,χ²=0.11,0.9482,0.9979,❌ NS,q=1.0000,Step 16,
1C,"TP × OS (KM, per-group)",Log-rank,High-grade glioma,217,174,χ²=1.14,0.5646,0.6159272727272728,❌ NS,q=1.0000,Step 16,
1C,"TP × EFS (KM, per-group)",Log-rank,High-grade glioma,203,179,χ²=0.46,0.7937,0.7937,❌ NS,q=0.9745,Step 16,
1C,"TP × OS (KM, per-group)",Log-rank,Low-grade glioma,455,46,χ²=2.62,0.2693,0.40395,❌ NS,q=0.9882,Step 16,
1C,"TP × EFS (KM, per-group)",Log-rank,Low-grade glioma,453,231,χ²=0.76,0.6833,0.8153454545454545,❌ NS,q=0.9745,Step 16,
1C,"TP × OS (KM, per-group)",Log-rank,Medulloblastoma,290,110,χ²=1.87,0.3934,0.5214545454545455,❌ NS,q=0.9882,Step 16,
1C,"TP × EFS (KM, per-group)",Log-rank,Medulloblastoma,290,134,χ²=1.48,0.478,0.5214545454545455,❌ NS,q=0.9745,Step 16,
1C,"TP × OS (KM, per-group)",Log-rank,Meningioma,62,7,χ²=3.45,0.1781,0.42744,❌ NS,q=0.9882,Step 16,
1C,"TP × EFS (KM, per-group)",Log-rank,Meningioma,62,39,χ²=0.12,0.9434,0.9434,❌ NS,q=0.9745,Step 16,
1C,"TP × EFS (KM, per-group)",Log-rank,Neurofibroma/Plexiform,33,21,χ²=0.92,0.6306,0.828,❌ NS,q=0.9745,Step 16,
1C,"TP × OS (KM, per-group)",Log-rank,Neurofibroma/Plexiform,33,7,χ²=0.40,0.8172,0.908,❌ NS,q=1.0000,Step 16,
1C,"TP × EFS (KM, per-group)",Log-rank,Sarcoma,30,24,χ²=2.08,0.3535,0.5890500000000001,❌ NS,q=0.9745,Step 16,
1C,"TP × OS (KM, per-group)",Log-rank,Sarcoma,30,15,χ²=0.45,0.7983,0.8837454545454546,❌ NS,q=1.0000,Step 16,
1C,"TP × EFS (KM, per-group)",Log-rank,Schwannoma,34,20,χ²=11.08,0.0039,0.0156,🟢🟢 p<0.01,q=0.0627,Step 16,
1C,"TP × OS (KM, per-group)",Log-rank,Schwannoma,34,4,χ²=6.18,0.0455,0.10919999999999999,🟢 p<0.05,q=0.7280,Step 16,
1C,TP × EFS_STATUS (global),Mann-Whitney,global,2706,1522,U=868710,0.0454,,🟢 p<0.05,d=-0.036,Step 16,
1C,"TP × EFS (KM, global)",Log-rank,global,2282,1465,χ²(1)=5.78,0.0555,,❌ NS,diploid vs aneuploid,Step 16,
1C,"TP × OS (KM, global)",Log-rank,global,2393,966,χ²(1)=5.42,0.0664,,❌ NS,diploid vs aneuploid,Step 16,
1C,TP × OS_STATUS (global),Mann-Whitney,global,2757,967,U=837216,0.0772,,❌ NS,d=-0.033,Step 16,
1D,"SEX × OS (KM, per-group)",Log-rank,Adamantinomatous Craniopharyngioma,98,3,χ²=2.61,0.2718,0.722,❌ NS,q=0.5136,Step 15,
1D,"SEX × EFS (KM, per-group)",Log-rank,Adamantinomatous Craniopharyngioma,98,66,χ²=0.06,0.972,0.972,❌ NS,q=0.9720,Step 15,
1D,"SEX × OS (KM, per-group)",Log-rank,Atypical Teratoid Rhabdoid Tumor,141,90,χ²=9.63,0.0081,0.0309351155154792,🟢🟢 p<0.01,q=0.0594,Step 15,
1D,"SEX × EFS (KM, per-group)",Log-rank,Atypical Teratoid Rhabdoid Tumor,141,116,χ²=5.58,0.0613,0.1226,❌ NS,q=0.2373,Step 15,
1D,"SEX × EFS (KM, per-group)",Log-rank,CNS Embryonal tumor,24,20,χ²=2.56,0.2782,0.37093333333333334,❌ NS,q=0.5100,Step 15,
1D,"SEX × OS (KM, per-group)",Log-rank,CNS Embryonal tumor,24,14,χ²=0.63,0.7302,0.7404,❌ NS,q=0.9450,Step 15,
1D,"SEX × OS (KM, per-group)",Log-rank,Chordoma,26,17,χ²=12.82,0.0016,0.0064,🟢🟢 p<0.01,q=0.0181,Step 15,
1D,"SEX × EFS (KM, per-group)",Log-rank,Chordoma,26,18,χ²=6.91,0.0317,0.0317,🟢 p<0.05,q=0.2321,Step 15,
1D,"SEX × OS (KM, per-group)",Log-rank,Choroid plexus tumor,89,14,χ²=1.13,0.5678,0.69648,❌ NS,q=0.7808,Step 15,
1D,"SEX × EFS (KM, per-group)",Log-rank,Choroid plexus tumor,88,25,χ²=0.31,0.8546,0.8546,❌ NS,q=0.9400,Step 15,
1D,"SEX × OS (KM, per-group)",Log-rank,Diffuse hemispheric glioma,25,24,χ²=7.57,0.0227,0.025942857142857146,🟢 p<0.05,q=0.0999,Step 15,
1D,"SEX × EFS (KM, per-group)",Log-rank,Diffuse hemispheric glioma,25,24,χ²=3.33,0.1896,0.1896,❌ NS,q=0.4497,Step 15,
1D,"SEX × EFS (KM, per-group)",Log-rank,Diffuse midline glioma,270,264,χ²=7.85,0.0197,0.047279999999999996,🟢 p<0.05,q=0.2321,Step 15,
1D,"SEX × OS (KM, per-group)",Log-rank,Diffuse midline glioma,362,350,χ²=1.65,0.4371,0.6556500000000001,❌ NS,q=0.6411,Step 15,
1D,"SEX × EFS (KM, per-group)",Log-rank,Dysembryoplastic neuroepithelial tumor,47,14,χ²=5.31,0.0702,0.2808,❌ NS,q=0.2373,Step 15,
1D,"SEX × OS (KM, per-group)",Log-rank,Dysembryoplastic neuroepithelial tumor,47,0,χ²=-0.00,1.0,1.0,❌ NS,q=1.0000,Step 15,
1D,"SEX × OS (KM, per-group)",Log-rank,Embryonal tumor with multilayer rosettes,22,16,χ²=5.74,0.0566,0.1132,❌ NS,q=0.1779,Step 15,
1D,"SEX × EFS (KM, per-group)",Log-rank,Embryonal tumor with multilayer rosettes,22,20,χ²=4.57,0.1017,0.16272,❌ NS,q=0.2796,Step 15,
1D,"SEX × OS (KM, per-group)",Log-rank,Ependymoma,293,125,χ²=14.32,0.0008,0.0032,🟢🟢🟢 p<0.001,q=0.0171,Step 15,
1D,"SEX × EFS (KM, per-group)",Log-rank,Ependymoma,293,206,χ²=5.17,0.0755,0.14829181002162564,❌ NS,q=0.2373,Step 15,
1D,"SEX × EFS (KM, per-group)",Log-rank,Ewing sarcoma,34,20,χ²=2.98,0.2248,0.5708571428571428,❌ NS,q=0.4497,Step 15,
1D,"SEX × OS (KM, per-group)",Log-rank,Ewing sarcoma,34,19,χ²=0.12,0.9427,0.9745,❌ NS,q=1.0000,Step 15,
1D,"SEX × EFS (KM, per-group)",Log-rank,Ganglioglioma,123,52,χ²=1.67,0.4329,1.0,❌ NS,q=0.6967,Step 15,
1D,"SEX × OS (KM, per-group)",Log-rank,Ganglioglioma,123,0,χ²=-0.00,1.0,1.0,❌ NS,q=1.0000,Step 15,
1D,"SEX × OS (KM, per-group)",Log-rank,Glial-neuronal tumor NOS,47,12,χ²=5.28,0.0712,0.17088,❌ NS,q=0.1959,Step 15,
1D,"SEX × EFS (KM, per-group)",Log-rank,Glial-neuronal tumor NOS,47,30,χ²=3.06,0.2169,0.3718285714285714,❌ NS,q=0.4497,Step 15,
1D,"SEX × EFS (KM, per-group)",Log-rank,High-grade glioma,387,348,χ²=7.66,0.0217,0.0372,🟢 p<0.05,q=0.2321,Step 15,
1D,"SEX × OS (KM, per-group)",Log-rank,High-grade glioma,405,327,χ²=1.73,0.4217,0.5622666666666667,❌ NS,q=0.6411,Step 15,
1D,"SEX × OS (KM, per-group)",Log-rank,Low-grade glioma,712,59,χ²=6.23,0.0443,0.07594285714285713,🟢 p<0.05,q=0.1625,Step 15,
1D,"SEX × EFS (KM, per-group)",Log-rank,Low-grade glioma,710,369,χ²=0.58,0.7474,0.8153454545454545,❌ NS,q=0.9134,Step 15,
1D,"SEX × OS (KM, per-group)",Log-rank,Medulloblastoma,383,138,χ²=2.40,0.3011,0.45165,❌ NS,q=0.5136,Step 15,
1D,"SEX × EFS (KM, per-group)",Log-rank,Medulloblastoma,383,173,χ²=1.57,0.4568,0.5214545454545455,❌ NS,q=0.6967,Step 15,
1D,"SEX × OS (KM, per-group)",Log-rank,Meningioma,87,13,χ²=8.19,0.0166,0.0664,🟢 p<0.05,q=0.0916,Step 15,
1D,"SEX × EFS (KM, per-group)",Log-rank,Meningioma,87,57,χ²=0.80,0.669,0.8028,❌ NS,q=0.8658,Step 15,
1D,"SEX × EFS (KM, per-group)",Log-rank,Neuroblastoma,22,17,χ²=5.19,0.0747,0.382,❌ NS,q=0.2373,Step 15,
1D,"SEX × OS (KM, per-group)",Log-rank,Neuroblastoma,22,4,χ²=4.70,0.0955,0.382,❌ NS,q=0.2335,Step 15,
1D,"SEX × OS (KM, per-group)",Log-rank,Neurofibroma/Plexiform,39,9,χ²=2.38,0.3035,0.607,❌ NS,q=0.5136,Step 15,
1D,"SEX × EFS (KM, per-group)",Log-rank,Neurofibroma/Plexiform,39,26,χ²=0.82,0.6624,0.828,❌ NS,q=0.8658,Step 15,
1D,"SEX × OS (KM, per-group)",Log-rank,Pineoblastoma,27,2,χ²=3.47,0.1761,0.3522,❌ NS,q=0.3875,Step 15,
1D,"SEX × EFS (KM, per-group)",Log-rank,Pineoblastoma,27,11,χ²=0.18,0.9153,0.9153,❌ NS,q=0.9589,Step 15,
1D,"SEX × EFS (KM, per-group)",Log-rank,Sarcoma,45,37,χ²=0.42,0.8101,0.8837454545454546,❌ NS,q=0.9381,Step 15,
1D,"SEX × OS (KM, per-group)",Log-rank,Sarcoma,45,23,χ²=0.03,0.984,0.984,❌ NS,q=1.0000,Step 15,
1D,"SEX × EFS (KM, per-group)",Log-rank,Schwannoma,46,29,χ²=1.49,0.475,0.58881747315879,❌ NS,q=0.6967,Step 15,
1D,"SEX × OS (KM, per-group)",Log-rank,Schwannoma,46,5,χ²=0.24,0.887,0.887,❌ NS,q=1.0000,Step 15,
1D,"SEX × EFS (KM, global)",Log-rank,global,3347,2158,χ²(1)=19.35,0.0001,,🟢🟢🟢 p<0.001,Male vs Female,Step 15,
1D,"SEX × OS (KM, global)",Log-rank,global,3464,1346,χ²(1)=11.49,0.0032,,🟢🟢 p<0.01,Male vs Female,Step 15,
1D,SEX × OS_STATUS (global),Chi-squared,global,3899,1347,χ²=10.35,0.0057,,🟢🟢 p<0.01,V=0.052,Step 15,
1D,SEX × EFS_STATUS (global),Chi-squared,global,3826,2223,χ²=5.81,0.0548,,❌ NS,V=0.039,Step 15,
1E,Predisposition type × OS (KM),Log-rank (multi),global,3476,1353,χ²=45.13,0.0,,🟢🟢🟢 p<0.001,7 groups,Step 17,
1E,Predisposition type × EFS (KM),Log-rank (multi),global,3359,2166,χ²=45.54,0.0,,🟢🟢🟢 p<0.001,7 groups,Step 17,
1E,"Predisposition × OS (binary, KM)",Log-rank,global,3476,1353,χ²(1)=12.55,0.0019,,🟢🟢 p<0.01,With vs Without,Step 17,
1E,"Predisposition × EFS (binary, KM)",Log-rank,global,3359,2166,χ²(1)=1.13,0.5678,,❌ NS,With vs Without,Step 17,
DECILE,"AGE_DECILE × EFS (KM, per-group)",Log-rank (multi),Adamantinomatous Craniopharyngioma,98,66,,1.996158793815539e-11,9.980793969077695e-11,✅,,Age Decile,OS
DECILE,"AGE_DECILE × EFS (KM, per-group)",Log-rank (multi),Adamantinomatous Craniopharyngioma,98,66,,1.996158793815539e-11,9.980793969077695e-11,✅,,Age Decile,
DECILE,"AGE_DECILE × OS (KM, per-group)",Log-rank (multi),Adamantinomatous Craniopharyngioma,98,3,,0.6827742058521232,0.7586380065023591,❌,,Age Decile,OS
DECILE,"AGE_DECILE × OS (KM, per-group)",Log-rank (multi),Adamantinomatous Craniopharyngioma,98,3,,0.6827742058521232,0.7586380065023591,❌,,Age Decile,
DECILE,"AGE_DECILE × OS (KM, per-group)",Log-rank (multi),Atypical Teratoid Rhabdoid Tumor,141,90,,0.0013039036420907,0.0078234218525442,✅,,Age Decile,OS
DECILE,"AGE_DECILE × OS (KM, per-group)",Log-rank (multi),Atypical Teratoid Rhabdoid Tumor,141,90,,0.0013039036420907,0.0078234218525442,✅,,Age Decile,
DECILE,"AGE_DECILE × EFS (KM, per-group)",Log-rank (multi),Atypical Teratoid Rhabdoid Tumor,141,116,,0.012889631464783,0.0309351155154792,✅,,Age Decile,OS
DECILE,"AGE_DECILE × EFS (KM, per-group)",Log-rank (multi),Atypical Teratoid Rhabdoid Tumor,141,116,,0.012889631464783,0.0309351155154792,✅,,Age Decile,
DECILE,"AGE_DECILE × OS (KM, per-group)",Log-rank (multi),CNS Embryonal tumor,24,14,,0.0161643223083748,0.0646572892334992,✅,,Age Decile,OS
DECILE,"AGE_DECILE × OS (KM, per-group)",Log-rank (multi),CNS Embryonal tumor,24,14,,0.0161643223083748,0.0646572892334992,✅,,Age Decile,
DECILE,"AGE_DECILE × EFS (KM, per-group)",Log-rank (multi),CNS Embryonal tumor,24,20,,0.1631431862858856,0.2610290980574169,❌,,Age Decile,OS
DECILE,"AGE_DECILE × EFS (KM, per-group)",Log-rank (multi),CNS Embryonal tumor,24,20,,0.1631431862858856,0.2610290980574169,❌,,Age Decile,
DECILE,"AGE_DECILE × EFS (KM, per-group)",Log-rank (multi),Chordoma,26,18,,0.0125435840086914,0.0250871680173828,✅,,Age Decile,OS
DECILE,"AGE_DECILE × EFS (KM, per-group)",Log-rank (multi),Chordoma,26,18,,0.0125435840086914,0.0250871680173828,✅,,Age Decile,
DECILE,"AGE_DECILE × OS (KM, per-group)",Log-rank (multi),Chordoma,26,17,,0.0193199453231788,0.025759927097571734,✅,,Age Decile,OS
DECILE,"AGE_DECILE × OS (KM, per-group)",Log-rank (multi),Chordoma,26,17,,0.0193199453231788,0.025759927097571734,✅,,Age Decile,
DECILE,"AGE_DECILE × OS (KM, per-group)",Log-rank (multi),Choroid plexus tumor,89,14,,1.0389555660239582e-08,6.233733396143749e-08,✅,,Age Decile,OS
DECILE,"AGE_DECILE × OS (KM, per-group)",Log-rank (multi),Choroid plexus tumor,89,14,,1.0389555660239582e-08,6.233733396143749e-08,✅,,Age Decile,
DECILE,"AGE_DECILE × EFS (KM, per-group)",Log-rank (multi),Choroid plexus tumor,88,25,,0.0007533168338225,0.0022599505014675,✅,,Age Decile,OS
DECILE,"AGE_DECILE × EFS (KM, per-group)",Log-rank (multi),Choroid plexus tumor,88,25,,0.0007533168338225,0.0022599505014675,✅,,Age Decile,
DECILE,"AGE_DECILE × EFS (KM, per-group)",Log-rank (multi),Diffuse hemispheric glioma,26,25,,0.0007126815654017,0.00176,✅,,Age Decile,OS
DECILE,"AGE_DECILE × EFS (KM, per-group)",Log-rank (multi),Diffuse hemispheric glioma,26,25,,0.0007126815654017,0.00176,✅,,Age Decile,
DECILE,"AGE_DECILE × OS (KM, per-group)",Log-rank (multi),Diffuse hemispheric glioma,26,24,,0.0009687760158713,0.00176,✅,,Age Decile,OS
DECILE,"AGE_DECILE × OS (KM, per-group)",Log-rank (multi),Diffuse hemispheric glioma,26,24,,0.0009687760158713,0.00176,✅,,Age Decile,
DECILE,"AGE_DECILE × OS (KM, per-group)",Log-rank (multi),Diffuse midline glioma,368,356,,9.992007221626407e-15,5.995204332975845e-14,✅,,Age Decile,OS
DECILE,"AGE_DECILE × OS (KM, per-group)",Log-rank (multi),Diffuse midline glioma,368,356,,9.992007221626407e-15,5.995204332975845e-14,✅,,Age Decile,
DECILE,"AGE_DECILE × EFS (KM, per-group)",Log-rank (multi),Diffuse midline glioma,276,270,,2.677180699350856e-11,8.031542098052569e-11,✅,,Age Decile,OS
DECILE,"AGE_DECILE × EFS (KM, per-group)",Log-rank (multi),Diffuse midline glioma,276,270,,2.677180699350856e-11,8.031542098052569e-11,✅,,Age Decile,
DECILE,"AGE_DECILE × EFS (KM, per-group)",Log-rank (multi),Dysembryoplastic neuroepithelial tumor,47,14,,0.0215671523108931,0.1294029138653586,✅,,Age Decile,OS
DECILE,"AGE_DECILE × EFS (KM, per-group)",Log-rank (multi),Dysembryoplastic neuroepithelial tumor,47,14,,0.0215671523108931,0.1294029138653586,✅,,Age Decile,
DECILE,"AGE_DECILE × OS (KM, per-group)",Log-rank (multi),Dysembryoplastic neuroepithelial tumor,47,0,,1.0,1.0,❌,,Age Decile,OS
DECILE,"AGE_DECILE × OS (KM, per-group)",Log-rank (multi),Dysembryoplastic neuroepithelial tumor,47,0,,1.0,1.0,❌,,Age Decile,
DECILE,"AGE_DECILE × EFS (KM, per-group)",Log-rank (multi),Embryonal tumor with multilayer rosettes,22,20,,0.0008241814274049,0.0021978171397464,✅,,Age Decile,OS
DECILE,"AGE_DECILE × EFS (KM, per-group)",Log-rank (multi),Embryonal tumor with multilayer rosettes,22,20,,0.0008241814274049,0.0021978171397464,✅,,Age Decile,
DECILE,"AGE_DECILE × OS (KM, per-group)",Log-rank (multi),Embryonal tumor with multilayer rosettes,22,16,,0.3749890579002588,0.4285589233145815,❌,,Age Decile,OS
DECILE,"AGE_DECILE × OS (KM, per-group)",Log-rank (multi),Embryonal tumor with multilayer rosettes,22,16,,0.3749890579002588,0.4285589233145815,❌,,Age Decile,
DECILE,"AGE_DECILE × EFS (KM, per-group)",Log-rank (multi),Ependymoma,296,207,,0.0001572313958662,0.0009433883751972001,✅,,Age Decile,OS
DECILE,"AGE_DECILE × EFS (KM, per-group)",Log-rank (multi),Ependymoma,296,207,,0.0001572313958662,0.0009433883751972001,✅,,Age Decile,
DECILE,"AGE_DECILE × OS (KM, per-group)",Log-rank (multi),Ependymoma,296,126,,0.0865035558459483,0.14829181002162564,❌,,Age Decile,OS
DECILE,"AGE_DECILE × OS (KM, per-group)",Log-rank (multi),Ependymoma,296,126,,0.0865035558459483,0.14829181002162564,❌,,Age Decile,
DECILE,"AGE_DECILE × OS (KM, per-group)",Log-rank (multi),Ewing sarcoma,34,19,,3.708899514776043e-05,0.00022253397088656257,✅,,Age Decile,OS
DECILE,"AGE_DECILE × OS (KM, per-group)",Log-rank (multi),Ewing sarcoma,34,19,,3.708899514776043e-05,0.00022253397088656257,✅,,Age Decile,
DECILE,"AGE_DECILE × EFS (KM, per-group)",Log-rank (multi),Ewing sarcoma,34,20,,0.301113700443391,0.5708571428571428,❌,,Age Decile,OS
DECILE,"AGE_DECILE × EFS (KM, per-group)",Log-rank (multi),Ewing sarcoma,34,20,,0.301113700443391,0.5708571428571428,❌,,Age Decile,
DECILE,"AGE_DECILE × EFS (KM, per-group)",Log-rank (multi),Ganglioglioma,123,52,,0.0745907628628985,0.447544577177391,❌,,Age Decile,EFS
DECILE,"AGE_DECILE × EFS (KM, per-group)",Log-rank (multi),Ganglioglioma,123,52,,0.0745907628628985,0.447544577177391,❌,,Age Decile,
DECILE,"AGE_DECILE × OS (KM, per-group)",Log-rank (multi),Ganglioglioma,123,0,,1.0,1.0,❌,,Age Decile,EFS
DECILE,"AGE_DECILE × OS (KM, per-group)",Log-rank (multi),Ganglioglioma,123,0,,1.0,1.0,❌,,Age Decile,
DECILE,"AGE_DECILE × EFS (KM, per-group)",Log-rank (multi),Glial-neuronal tumor NOS,47,30,,0.0034504508023117,0.020702704813870203,✅,,Age Decile,EFS
DECILE,"AGE_DECILE × EFS (KM, per-group)",Log-rank (multi),Glial-neuronal tumor NOS,47,30,,0.0034504508023117,0.020702704813870203,✅,,Age Decile,
DECILE,"AGE_DECILE × OS (KM, per-group)",Log-rank (multi),Glial-neuronal tumor NOS,47,12,,0.0123271184833345,0.03698135545000351,✅,,Age Decile,EFS
DECILE,"AGE_DECILE × OS (KM, per-group)",Log-rank (multi),Glial-neuronal tumor NOS,47,12,,0.0123271184833345,0.03698135545000351,✅,,Age Decile,
DECILE,"AGE_DECILE × OS (KM, per-group)",Log-rank (multi),High-grade glioma,406,327,,0.0,0.0,✅,,Age Decile,EFS
DECILE,"AGE_DECILE × OS (KM, per-group)",Log-rank (multi),High-grade glioma,406,327,,0.0,0.0,✅,,Age Decile,
DECILE,"AGE_DECILE × EFS (KM, per-group)",Log-rank (multi),High-grade glioma,388,348,,1.5894019433915219e-10,4.768205830174566e-10,✅,,Age Decile,EFS
DECILE,"AGE_DECILE × EFS (KM, per-group)",Log-rank (multi),High-grade glioma,388,348,,1.5894019433915219e-10,4.768205830174566e-10,✅,,Age Decile,
DECILE,"AGE_DECILE × OS (KM, per-group)",Log-rank (multi),Low-grade glioma,712,59,,1.4661365621559952e-07,5.864546248623981e-07,✅,,Age Decile,EFS
DECILE,"AGE_DECILE × OS (KM, per-group)",Log-rank (multi),Low-grade glioma,712,59,,1.4661365621559952e-07,5.864546248623981e-07,✅,,Age Decile,
DECILE,"AGE_DECILE × EFS (KM, per-group)",Log-rank (multi),Low-grade glioma,710,369,,7.063148489416804e-07,1.695155637460033e-06,✅,,Age Decile,EFS
DECILE,"AGE_DECILE × EFS (KM, per-group)",Log-rank (multi),Low-grade glioma,710,369,,7.063148489416804e-07,1.695155637460033e-06,✅,,Age Decile,
DECILE,"AGE_DECILE × OS (KM, per-group)",Log-rank (multi),Medulloblastoma,382,137,,1.180706083681038e-06,7.0842365020862275e-06,✅,,Age Decile,EFS
DECILE,"AGE_DECILE × OS (KM, per-group)",Log-rank (multi),Medulloblastoma,382,137,,1.180706083681038e-06,7.0842365020862275e-06,✅,,Age Decile,
DECILE,"AGE_DECILE × EFS (KM, per-group)",Log-rank (multi),Medulloblastoma,382,172,,3.86600586727015e-05,0.00011598017601810451,✅,,Age Decile,EFS
DECILE,"AGE_DECILE × EFS (KM, per-group)",Log-rank (multi),Medulloblastoma,382,172,,3.86600586727015e-05,0.00011598017601810451,✅,,Age Decile,
DECILE,"AGE_DECILE × EFS (KM, per-group)",Log-rank (multi),Meningioma,87,57,,8.513872767368369e-05,0.0005108323660421021,✅,,Age Decile,EFS
DECILE,"AGE_DECILE × EFS (KM, per-group)",Log-rank (multi),Meningioma,87,57,,8.513872767368369e-05,0.0005108323660421021,✅,,Age Decile,
DECILE,"AGE_DECILE × OS (KM, per-group)",Log-rank (multi),Meningioma,87,13,,0.3639983194218095,0.6239971190088163,❌,,Age Decile,EFS
DECILE,"AGE_DECILE × OS (KM, per-group)",Log-rank (multi),Meningioma,87,13,,0.3639983194218095,0.6239971190088163,❌,,Age Decile,
DECILE,"AGE_DECILE × OS (KM, per-group)",Log-rank (multi),Neuroblastoma,22,4,,0.2525597444589458,0.5051194889178916,❌,,Age Decile,EFS
DECILE,"AGE_DECILE × OS (KM, per-group)",Log-rank (multi),Neuroblastoma,22,4,,0.2525597444589458,0.5051194889178916,❌,,Age Decile,
DECILE,"AGE_DECILE × EFS (KM, per-group)",Log-rank (multi),Neuroblastoma,22,17,,0.8652072697975853,0.9176,❌,,Age Decile,EFS
DECILE,"AGE_DECILE × EFS (KM, per-group)",Log-rank (multi),Neuroblastoma,22,17,,0.8652072697975853,0.9176,❌,,Age Decile,
DECILE,"AGE_DECILE × EFS (KM, per-group)",Log-rank (multi),Neurofibroma/Plexiform,39,26,,0.0188351523015988,0.09417576150799399,✅,,Age Decile,EFS
DECILE,"AGE_DECILE × EFS (KM, per-group)",Log-rank (multi),Neurofibroma/Plexiform,39,26,,0.0188351523015988,0.09417576150799399,✅,,Age Decile,
DECILE,"AGE_DECILE × OS (KM, per-group)",Log-rank (multi),Neurofibroma/Plexiform,39,9,,0.2486911469842269,0.607,❌,,Age Decile,EFS
DECILE,"AGE_DECILE × OS (KM, per-group)",Log-rank (multi),Neurofibroma/Plexiform,39,9,,0.2486911469842269,0.607,❌,,Age Decile,
DECILE,"AGE_DECILE × EFS (KM, per-group)",Log-rank (multi),Pineoblastoma,27,11,,0.0327289125454427,0.08727710012118052,✅,,Age Decile,EFS
DECILE,"AGE_DECILE × EFS (KM, per-group)",Log-rank (multi),Pineoblastoma,27,11,,0.0327289125454427,0.08727710012118052,✅,,Age Decile,
DECILE,"AGE_DECILE × OS (KM, per-group)",Log-rank (multi),Pineoblastoma,27,2,,0.2695983295847983,0.3594644394463977,❌,,Age Decile,EFS
DECILE,"AGE_DECILE × OS (KM, per-group)",Log-rank (multi),Pineoblastoma,27,2,,0.2695983295847983,0.3594644394463977,❌,,Age Decile,
DECILE,"AGE_DECILE × OS (KM, per-group)",Log-rank (multi),Sarcoma,45,23,,0.0157551334214997,0.0945308005289982,✅,,Age Decile,EFS
DECILE,"AGE_DECILE × OS (KM, per-group)",Log-rank (multi),Sarcoma,45,23,,0.0157551334214997,0.0945308005289982,✅,,Age Decile,
DECILE,"AGE_DECILE × EFS (KM, per-group)",Log-rank (multi),Sarcoma,45,37,,0.0997303443008778,0.2991910329026334,❌,,Age Decile,EFS
DECILE,"AGE_DECILE × EFS (KM, per-group)",Log-rank (multi),Sarcoma,45,37,,0.0997303443008778,0.2991910329026334,❌,,Age Decile,
DECILE,"AGE_DECILE × EFS (KM, per-group)",Log-rank (multi),Schwannoma,46,29,,0.0028181960483198,0.0156,✅,,Age Decile,EFS
DECILE,"AGE_DECILE × EFS (KM, per-group)",Log-rank (multi),Schwannoma,46,29,,0.0028181960483198,0.0156,✅,,Age Decile,
DECILE,"AGE_DECILE × OS (KM, per-group)",Log-rank (multi),Schwannoma,46,5,,0.5397493503955575,0.58881747315879,❌,,Age Decile,EFS
DECILE,"AGE_DECILE × OS (KM, per-group)",Log-rank (multi),Schwannoma,46,5,,0.5397493503955575,0.58881747315879,❌,,Age Decile,
